<?xml version="1.0" encoding="UTF-8" standalone="yes" ?>
<CodeBlocks_plugin_manifest_file>
    <SdkVersion major="1" minor="0"  release="0" />
    <Plugin name="SquirrelDebugger">
        <Value title="Squirrel Debugger" />
        <Value version="0.2" />
        <Value description="An interactive debugger for squirrel scripts using sqdbg as a backend" />
        <Value author="Bluehazzard" />
        <Value authorEmail="" />
        <Value authorWebsite="" />
        <Value thanksTo="" />
        <Value license="GPL" />
    </Plugin>
</CodeBlocks_plugin_manifest_file>
